{
    "BigQuery": {
        "params": [
            {
                "param_name": "environment",
                "widget_name": "Environment",
                "widget_type": "text_input",
                "disabled": "False",
                "default": "dev"
            },
            {
                "param_name": "service_json",
                "widget_name": "Client Service JSON Path",
                "widget_type": "text_input",
                "disabled": "False",
                "default": "C:/NTTDATA/Deutche_bank/bigquery-eval-hd1341-f4215fb67922.json"
            },
            {
                "param_name": "bucket_name",
                "widget_name": "GCS Bucket Name",
                "widget_type": "text_input",
                "disabled": "False",
                "default": "bq_to_sf_us_central1"
            },
            {
                "param_name": "storage_integration",
                "widget_name": "Storage Integration Name",
                "widget_type": "text_input",
                "disabled": "False",
                "default": "gcs_int_us_central1"
            }
        ],
        "migrationconfig": [
            {
                "param_name": "exportornot",
                "widget_name": "Export Or Not",
                "widget_type": "selectbox",
                "disabled": "False",
                "default": 1,
                "options": [
                    "Export",
                    "Do Not Export"
                ],
                "storeinsession": "True"
            },
            {
                "param_name": "table_name",
                "widget_name": "Table Name",
                "widget_type": "text_input",
                "disabled": "True",
                "default": "<SchemaName_TableName>",
                "placeholder": ""
            },
            {
                "param_name": "rowcount",
                "widget_name": "Row Count",
                "widget_type": "text_input",
                "disabled": "True",
                "default": "<RowCounts>",
                "placeholder": "",
                "informational": "True"
            },
            {
                "param_name": "tablesize",
                "widget_name": "Table Size(in Mb)",
                "widget_type": "text_input",
                "disabled": "True",
                "default": "<TotalMB>",
                "placeholder": "",
                "informational": "True"
            },
            {
                "param_name": "encoding",
                "widget_name": "Encoding",
                "widget_type": "text_input",
                "disabled": "False",
                "default": "ISO88591",
                "placeholder": "Encoding"
            },
            {
                "param_name": "compression",
                "widget_name": "Compression",
                "widget_type": "selectbox",
                "disabled": "False",
                "default": 0,
                "options": [
                    "GZIP",
                    "DEFLATE",
                    "SNAPPY",
                    "ZSTD"
                ]
            },
            {
                "param_name": "exportmethod",
                "widget_name": "Export Method",
                "widget_type": "selectbox",
                "disabled": "False",
                "default": 1,
                "options": [
                    "Export",
                    "Extract"
                ]
            },
            {
                "param_name": "exportformat",
                "widget_name": "Export Format",
                "widget_type": "selectbox",
                "disabled": "False",
                "default": 0,
                "options": [
                    "CSV",
                    "JSON",
                    "AVRO",
                    "PARQUET"
                ]
            },
            {
                "param_name": "location",
                "widget_name": "Location",
                "widget_type": "text_input",
                "disabled": "False",
                "default": "",
                "placeholder": "Location"
            },
            {
                "param_name": "cdcmode",
                "widget_name": "Mode",
                "widget_type": "selectbox",
                "disabled": "False",
                "default": 2,
                "options": [
                    "deleteinsert",
                    "incremental",
                    "full",
                    "merge"
                ]
            }
        ]
    },
    "Hdfs": {
        "params": [
            {
                "param_name": "dir",
                "widget_name": "Directory",
                "widget_type": "text_input",
                "disabled": "False",
                "default": ""
            },
            {
                "param_name": "user",
                "widget_name": "User",
                "widget_type": "text_input",
                "disabled": "False",
                "default": ""
            },
            {
                "param_name": "file_format",
                "widget_name": "File Format",
                "widget_type": "text_input",
                "disabled": "False",
                "default": ""
            },
            {
                "param_name": "partition_depth",
                "widget_name": "Partition Depth",
                "widget_type": "text_input",
                "disabled": "False",
                "default": ""
            }
        ]
    },
    "Hive": {
        "params": [
            {
                "param_name": "protocol",
                "widget_name": "Protocol",
                "widget_type": "text_input",
                "disabled": "True",
                "default": "jdbc"
            },
            {
                "param_name": "user",
                "widget_name": "User",
                "widget_type": "text_input",
                "disabled": "False",
                "default": "hive"
            },
            {
                "param_name": "password",
                "widget_name": "Password",
                "widget_type": "password",
                "disabled": "False",
                "default": "KK5zxPRQq6xMrFy1"
            },
            {
                "param_name": "connectionurl",
                "widget_name": "Connection URL",
                "widget_type": "text_input",
                "disabled": "False",
                "default": "jdbc:mariadb://ec2-18-206-238-35.compute-1.amazonaws.com:3306/hive"
            },
            {
                "param_name": "database",
                "widget_name": "Database",
                "widget_type": "text_input",
                "disabled": "False",
                "default": "default"
            },
            {
                "param_name": "drivername",
                "widget_name": "Driver Name",
                "widget_type": "text_input",
                "disabled": "True",
                "default": "org.mariadb.jdbc.Driver"
            },
            {
                "param_name": "driverpath",
                "widget_name": "Driver Path",
                "widget_type": "text_input",
                "disabled": "False",
                "default": "C:/NTTDATA/Deutche_bank/mariadb-java-client-3.1.4.jar"
            }
        ],
        "migrationconfig": [
            {
                "param_name": "exportornot",
                "widget_name": "Export Or Not",
                "widget_type": "selectbox",
                "disabled": "False",
                "default": 1,
                "options": [
                    "Export",
                    "Do Not Export"
                ],
                "storeinsession": "True"
            },
            {
                "param_name": "table_name",
                "widget_name": "Table Name",
                "widget_type": "text_input",
                "disabled": "True",
                "default": "<DatabaseName_TableName>",
                "placeholder": ""
            },
            {
                "param_name": "rowcount",
                "widget_name": "Row Count",
                "widget_type": "text_input",
                "disabled": "True",
                "default": "<RowCount>",
                "placeholder": "",
                "informational": "True"
            },
            {
                "param_name": "tablesize",
                "widget_name": "Table Size(in Mb)",
                "widget_type": "text_input",
                "disabled": "True",
                "default": "<TableSizeInMb>",
                "placeholder": "",
                "informational": "True"
            },
            {
                "param_name": "TableType",
                "widget_name": "TableType",
                "widget_type": "text_input",
                "disabled": "True",
                "default": "<TableType>",
                "placeholder": "TableType"
            },
            {
                "param_name": "location",
                "widget_name": "Location",
                "widget_type": "text_input",
                "disabled": "True",
                "default": "<Location>",
                "placeholder": "Location"
            },
            {
                "param_name": "PartitionColumn",
                "widget_name": "PartitionColumn",
                "widget_type": "text_input",
                "disabled": "False",
                "default": "<PartitionColumn>",
                "placeholder": "PartitionColumn"
            },
            {
                "param_name": "exportmethod",
                "widget_name": "Export Method",
                "widget_type": "selectbox",
                "disabled": "False",
                "default": 1,
                "options": [
                    "Export",
                    "Extract"
                ]
            },
            {
                "param_name": "cdcmode",
                "widget_name": "Mode",
                "widget_type": "selectbox",
                "disabled": "False",
                "default": 2,
                "options": [
                    "deleteinsert",
                    "incremental",
                    "full",
                    "merge"
                ]
            }
        ]
    },
    "Netezza": {
        "params": [
            {
                "param_name": "protocol",
                "widget_name": "Protocol",
                "widget_type": "selectbox",
                "disabled": "False",
                "options": [
                    "jdbc",
                    "odbc"
                ],
                "default": 0
            },
            {
                "param_name": "drivername",
                "widget_name": "Driver Name",
                "widget_type": "text_input",
                "disabled": "False",
                "default": ""
            },
            {
                "param_name": "driverpath",
                "widget_name": "Driver Path",
                "widget_type": "text_input",
                "disabled": "False",
                "default": ""
            },
            {
                "param_name": "user",
                "widget_name": "User",
                "widget_type": "text_input",
                "disabled": "False",
                "default": ""
            },
            {
                "param_name": "password",
                "widget_name": "Password",
                "widget_type": "password",
                "disabled": "False",
                "default": ""
            },
            {
                "param_name": "host",
                "widget_name": "Host",
                "widget_type": "text_input",
                "disabled": "False",
                "default": ""
            },
            {
                "param_name": "port",
                "widget_name": "Port",
                "widget_type": "text_input",
                "disabled": "False",
                "default": ""
            },
            {
                "param_name": "database",
                "widget_name": "Database",
                "widget_type": "text_input",
                "disabled": "False",
                "default": ""
            }
        ]
    },
    "Oracle": {
        "params": [
            {
                "param_name": "protocol",
                "widget_name": "Protocol",
                "widget_type": "selectbox",
                "disabled": "False",
                "options": [
                    "cx_oracle",
                    "jdbc",
                    "odbc"
                ],
                "default": 0
            },
            {
                "param_name": "drivername",
                "widget_name": "Driver Name",
                "widget_type": "text_input",
                "disabled": "False",
                "default": ""
            },
            {
                "param_name": "driverpath",
                "widget_name": "Driver Path",
                "widget_type": "text_input",
                "disabled": "False",
                "default": ""
            },
            {
                "param_name": "user",
                "widget_name": "User",
                "widget_type": "text_input",
                "disabled": "False",
                "default": ""
            },
            {
                "param_name": "password",
                "widget_name": "Password",
                "widget_type": "password",
                "disabled": "False",
                "default": ""
            },
            {
                "param_name": "host",
                "widget_name": "Host",
                "widget_type": "text_input",
                "disabled": "False",
                "default": ""
            },
            {
                "param_name": "port",
                "widget_name": "Port",
                "widget_type": "text_input",
                "disabled": "False",
                "default": ""
            },
            {
                "param_name": "database",
                "widget_name": "Database",
                "widget_type": "text_input",
                "disabled": "False",
                "default": ""
            },
            {
                "param_name": "schema",
                "widget_name": "Schema",
                "widget_type": "text_input",
                "disabled": "False",
                "default": ""
            },
            {
                "param_name": "sid",
                "widget_name": "Sid",
                "widget_type": "text_input",
                "disabled": "False",
                "default": ""
            },
            {
                "param_name": "client_library_dir",
                "widget_name": "Client Library Directory",
                "widget_type": "text_input",
                "disabled": "False",
                "default": ""
            }
        ]
    },
    "SQL": {
        "params": [
            {
                "param_name": "drivername",
                "widget_name": "Driver Name",
                "widget_type": "text_input",
                "disabled": "True",
                "default": "SQL Server"
            },
            {
                "param_name": "user",
                "widget_name": "User",
                "widget_type": "text_input",
                "disabled": "False",
                "default": ""
            },
            {
                "param_name": "password",
                "widget_name": "Password",
                "widget_type": "password",
                "disabled": "False",
                "default": ""
            },
            {
                "param_name": "host",
                "widget_name": "Host",
                "widget_type": "text_input",
                "disabled": "False",
                "default": ""
            },
            {
                "param_name": "port",
                "widget_name": "Port",
                "widget_type": "text_input",
                "disabled": "False",
                "default": ""
            },
            {
                "param_name": "database",
                "widget_name": "Database",
                "widget_type": "text_input",
                "disabled": "False",
                "default": ""
            }
        ]
    },
    "Teradata": {
        "params": [
            {
                "param_name": "user",
                "widget_name": "User",
                "widget_type": "text_input",
                "disabled": "False",
                "default": ""
            },
            {
                "param_name": "password",
                "widget_name": "Password",
                "widget_type": "password",
                "disabled": "False",
                "default": ""
            },
            {
                "param_name": "host",
                "widget_name": "Host",
                "widget_type": "text_input",
                "disabled": "False",
                "default": ""
            },
            {
                "param_name": "port",
                "widget_name": "Port",
                "widget_type": "text_input",
                "disabled": "False",
                "default": ""
            },
            {
                "param_name": "database",
                "widget_name": "Database",
                "widget_type": "text_input",
                "disabled": "False",
                "default": ""
            }
        ]
    },
    "Snowflake": {
        "params": [
            {
                "param_name": "authenticator",
                "widget_name": "Authenticator",
                "widget_type": "text_input",
                "disabled": "True",
                "default": "snowflake"
            },
            {
                "param_name": "account",
                "widget_name": "Account",
                "widget_type": "text_input",
                "disabled": "False",
                "default": "hashmap"
            },
            {
                "param_name": "role",
                "widget_name": "Role",
                "widget_type": "text_input",
                "disabled": "False",
                "default": "DG_ADMIN"
            },
            {
                "param_name": "warehouse",
                "widget_name": "Warehouse",
                "widget_type": "text_input",
                "disabled": "False",
                "default": "DEMO_WH"
            },
            {
                "param_name": "database",
                "widget_name": "Database",
                "widget_type": "text_input",
                "disabled": "False",
                "default": "bigquery-eval-hd1341"
            },
            {
                "param_name": "schema",
                "widget_name": "Schema",
                "widget_type": "text_input",
                "disabled": "False",
                "default": "benchmarking_tpc_ds"
            },
            {
                "param_name": "user",
                "widget_name": "User",
                "widget_type": "text_input",
                "disabled": "False",
                "default": "sf_dg_service_account"
            },
            {
                "param_name": "password",
                "widget_name": "Password",
                "widget_type": "password",
                "disabled": "False",
                "default": "Tam3r1ndBu7kB0tt1e77987!"
            }
        ]
    },
    "SnowflakeStateManager": {
        "params": [
            {
                "param_name": "authenticator",
                "widget_name": "Authenticator",
                "widget_type": "text_input",
                "disabled": "True",
                "default": "snowflake"
            },
            {
                "param_name": "account",
                "widget_name": "Account",
                "widget_type": "text_input",
                "disabled": "False",
                "default": "hashmap"
            },
            {
                "param_name": "role",
                "widget_name": "Role",
                "widget_type": "text_input",
                "disabled": "False",
                "default": "DG_ADMIN"
            },
            {
                "param_name": "warehouse",
                "widget_name": "Warehouse",
                "widget_type": "text_input",
                "disabled": "False",
                "default": "DEMO_WH"
            },
            {
                "param_name": "database",
                "widget_name": "Database",
                "widget_type": "text_input",
                "disabled": "False",
                "default": "HDM"
            },
            {
                "param_name": "schema",
                "widget_name": "Schema",
                "widget_type": "text_input",
                "disabled": "False",
                "default": "HDM_SCHEMA"
            },
            {
                "param_name": "user",
                "widget_name": "User",
                "widget_type": "text_input",
                "disabled": "False",
                "default": "sf_dg_service_account"
            },
            {
                "param_name": "password",
                "widget_name": "Password",
                "widget_type": "password",
                "disabled": "False",
                "default": "Tam3r1ndBu7kB0tt1e77987!"
            }
        ]
    },
    "Databricks": {
        "params": [
            {
                "param_name": "comingup",
                "widget_name": "On the roadmap. Stay tuned!",
                "widget_type": "text"
            }
        ]
    },
    "BigQueryStateManager": {
        "params": [
            {
                "param_name": "dataset",
                "widget_name": "Database",
                "widget_type": "text_input",
                "disabled": "False",
                "default": "bigquery-eval-hd1341"
            },
            {
                "param_name": "service_json",
                "widget_name": "Client Service JSON Path",
                "widget_type": "text_input",
                "disabled": "False",
                "default": "C:/NTTDATA/Deutche_bank/bigquery-eval-hd1341-f4215fb67922.json"
            }
        ]
    }
}